<?xml version="1.0" encoding="UTF-8"?>
<metadata>
  <groupId>com.android.support</groupId>
  <artifactId>support-v13</artifactId>
  <versioning>
    <release>25.1.1</release>
    <versions>
      <version>13.0.0</version>
      <version>18.0.0</version>
      <version>19.0.0</version>
      <version>19.0.1</version>
      <version>19.1.0</version>
      <version>20.0.0</version>
      <version>21.0.0</version>
      <version>21.0.2</version>
      <version>21.0.3</version>
      <version>22.0.0</version>
      <version>22.1.0</version>
      <version>22.2.0</version>
      <version>22.2.1</version>
      <version>23.0.0</version>
      <version>23.0.1</version>
      <version>23.1.0</version>
      <version>23.1.1</version>
      <version>23.2.0</version>
      <version>24.0.0-alpha1</version>
      <version>23.2.1</version>
      <version>23.3.0</version>
      <version>24.0.0-alpha2</version>
      <version>23.4.0</version>
      <version>24.0.0-beta1</version>
      <version>24.0.0</version>
      <version>24.1.0</version>
      <version>24.1.1</version>
      <version>24.2.0</version>
      <version>24.2.1</version>
      <version>25.0.0</version>
      <version>25.0.1</version>
      <version>25.1.0</version>
      <version>25.1.1</version>
    </versions>
    <lastUpdated>20170124160956</lastUpdated>
  </versioning>
</metadata>
